"시도","시군구","기관명","주소","위치","연락처","대상","아빠이용","경도","위도","데이터기준일자"
"부산","해운대구","홈플러스해운대점","부산 해운대구 해운대해변로 140","1층","051-714-8701","외부인","가능","129.1464910","35.15839725","2020-12-31"
"부산","해운대구","국민건강보험공단해운대지사","부산 해운대구 해운대로349번길 13","2층","051-749-8115","외부인","가능","129.1356550","35.17238075","2020-12-31"
"부산","해운대구","롯데백화점센텀시티점","부산 해운대구 센텀남대로 59","6층 유아휴게실","051-730-2500","외부인","가능","129.1310752","35.16985471","2020-12-31"
"부산","해운대구","반송보건지소","부산 해운대구 반송로 853","1층","051-749-6975","외부인","가능","129.1478949","35.23004354","2020-12-31"
"부산","해운대구","벡스코제1전시장","부산 해운대구 APEC로 55","제1전시장 1층","051-740-7327","외부인","가능","129.1360149","35.16906028","2020-12-31"
"부산","해운대구","부산교통공사동백역","부산 해운대구 해운대로 지하 522 (우동, 부산지하철 동백역)","고객센터 내","051-678-6204","외부인","가능","129.1486908","35.16106251","2020-12-31"
"부산","해운대구","부산교통공사동부산대학역","부산 해운대구 반송로 917","게이트 안쪽","051-678-6412","외부인","가능","129.1538058","35.23242097","2020-12-31"
"부산","해운대구","부산교통공사반여농산물시장역","부산 해운대구 반송로 550","하선 승강장 입구 옆","051-678-6409","외부인","가능","129.1240186","35.21775678","2020-12-31"
"부산","해운대구","부산교통공사벡스코역","부산 해운대구 해운대로 지하 396 (우동, 부산지하철 시립미술관역)","고객센터 내","051-678-6205","외부인","가능","129.1388776","35.16888915","2020-12-31"
"부산","해운대구","부산교통공사석대역","부산 해운대구 석대천로 121","고객센터 옆","051-678-6410","외부인","가능","129.1368307","35.21811473","2020-12-31"
"부산","해운대구","부산교통공사센텀시티역","부산 해운대구 센텀남대로 50 (우동, 센템임페리얼타워빌딩)","고객센터 내","051-678-6206","외부인","가능","129.1313034","35.16810390","2020-12-31"
"부산","해운대구","부산교통공사영산대역","부산 해운대구 반송로 803","고객센터 뒤","051-678-6411","외부인","가능","129.1461626","35.22560718","2020-12-31"
"부산","해운대구","부산교통공사장산역","부산 해운대구 해운대로 지하 820 (좌동, 부산지하철 장산역)","고객센터 내","051-678-6201","외부인","가능","129.1769506","35.16993090","2020-12-31"
"부산","해운대구","부산교통공사중동역","부산 해운대구 해운대로 지하 730 (중동, 부산지하철 중동역)","고객센터 내","051-678-6202","외부인","가능","129.1686157","35.16664955","2020-12-31"
"부산","해운대구","부산교통공사해운대역","부산 해운대구 해운대로 지하 626 (우동, 부산지하철 해운대역)","고객센터 내","051-678-6203","외부인","가능","129.1588694","35.16364255","2020-12-31"
"부산","해운대구","부산반여초등학교","부산 해운대구 재반로242번길 51-10","1층 보건실","051-782-5131","직원용","불가","129.1349627","35.19914926","2020-12-31"
"부산","해운대구","시립미술관","부산 해운대구 APEC로 58 (우동, 부산시립미술관)","1층","051-740-2600","외부인","가능","129.1370247","35.16668917","2020-12-31"
"부산","해운대구","신세계백화점센텀시티점","부산 해운대구 센텀남대로 35","6층 유아휴게실","051-745-1621","외부인","가능","129.1290824","35.16863843","2020-12-31"
"부산","해운대구","이마트해운대점","부산 해운대구 좌동순환로 511","1층","-","외부인","가능","129.1673773","35.16602153","2020-12-31"
"부산","해운대구","재반보건지소","부산 해운대구 해운대로61번길 28","1층","051-749-6536","외부인","가능","129.1228345","35.19242099","2020-12-31"
"부산","해운대구","재송어린이도서관","부산 해운대구 해운대로76번길 35-1","1층 유아실 내","051-749-7634","외부인","가능","129.1184919","35.18963089","2020-12-31"
"부산","해운대구","코레일동해선벡스코역","부산 해운대구 해운대로 351","2번출구 앞","051-440-2266","외부인","가능","129.1360936","35.17155637","2020-12-31"
"부산","해운대구","코레일동해선센텀역","부산 해운대구 해운대로 210 (재송동, 센텀역)","2번출구 앞","051-440-2264","외부인","가능","129.1245881","35.17945183","2020-12-31"
"부산","해운대구","코레일동해선송정역","부산 해운대구 해운대로 1147 (송정동, 송정역)","역무실 맞은편","051-440-2273","외부인","가능","129.2024362","35.18755456","2020-12-31"
"부산","해운대구","코레일동해선신해운대역","부산 해운대구 장산로 427","1번출구 화장실옆","051-440-2281","외부인","가능","129.1770325","35.18169309","2020-12-31"
"부산","해운대구","코레일동해선재송역","부산 해운대구 해운대로 100","게이트 옆","051-440-2262","외부인","가능","129.1204270","35.18822485","2020-12-31"
"부산","해운대구","해운대구문화복합센터","부산 해운대구 센텀중앙로 170","2층 어린이쉼터 내","051-749-6151","외부인","가능","129.1211894","35.18218753","2020-12-31"
"부산","해운대구","해운대구문화회관","부산 해운대구 양운로 97","2층","051-749-7651","외부인","가능","129.1739716","35.17116770","2020-12-31"
"부산","해운대구","해운대구보건소","부산 해운대구 양운로37번길 59","1층 아가맘센터","051-749-7525","외부인","가능","129.1786558","35.16410942","2020-12-31"
"부산","해운대구","해운대구육아종합지원센터","부산 해운대구 반송로513번길 66-11","2층","070-4420-8578","외부인","가능","129.1189306","35.22077852","2020-12-31"
"부산","해운대구","해운대구청","부산 해운대구 중동2로 11","1층","051-749-4262","외부인","가능","129.1635601","35.16313782","2020-12-31"
"부산","해운대구","해운대도서관","부산 해운대구 양운로 183","1층","051-709-0941","외부인","가능","129.1689092","35.17794100","2020-12-31"
"부산","해운대구","홈플러스센텀시티점","부산 해운대구 센텀동로 6","3층 문화센터","051-709-8123","외부인","가능","129.1336915","35.17091188","2020-12-31"
"부산","중구","롯데마트광복점","부산 중구 중앙대로 2","3층 푸드코트 옆","051-441-2500","외부인","가능","129.0367048","35.09830894","2020-12-31"
"부산","중구","롯데백화점광복점10F","부산 중구 중앙대로 2","10층 문화센터 화장실 옆","051-678-2352","외부인","가능","129.0367048","35.09830894","2020-12-31"
"부산","중구","롯데백화점광복점8F","부산 중구 중앙대로 2","8층 닥스키즈 옆","051-678-3604","외부인","가능","129.0367048","35.09830894","2020-12-31"
"부산","중구","부산교통공사남포역","부산 중구 구덕로 지하 12 (남포동1가, 도시철도 남포역)","고객센터 내","051-678-6111","외부인","가능","129.0342990","35.09800501","2020-12-31"
"부산","중구","부산교통공사자갈치역","부산 중구 구덕로 지하 80 (남포동6가, 도시철도 자갈치역)","고객센터 내","051-678-6110","외부인","가능","129.0271120","35.09775971","2020-12-31"
"부산","중구","부산교통공사중앙역","부산 중구 중앙대로 지하 83 (중앙동4가, 도시철도 중앙역)","고객센터 내","051-678-6112","외부인","가능","129.0363570","35.10375639","2020-12-31"
"부산","중구","부산시설공단남포지하상가상인회","부산 중구 구덕로 73 (남포동6가)","남포지하상가 10번출구 옆","051-256-1103","외부인","가능","129.0271590","35.09713735","2020-12-31"
"부산","중구","부산중구보건소","부산 중구 중구로 120 (대청동1가)","2층 모자보건실 내","051-600-4783","외부인","가능","129.0323514","35.10619736","2020-12-31"
"부산","중구","부산중구청","부산 중구 중구로 120","1층 화장실옆","051-600-4152","외부인","가능","129.0323514","35.10619736","2020-12-31"
"부산","중구","부산출입국외국인청종합민원센터","부산 중구 중앙대로 146 (중앙동4가)","대한항공건물 1층민원센터내","051-461-3166","외부인","가능","129.0379871","35.11033168","2020-12-31"
"부산","중구","부산항연안여객터미널","부산 중구 충장대로 24","1층 안내실 옆","051-400-3150","외부인","가능","129.0414684","35.10289225","2020-12-31"
"부산","중구","부산영화체험박물관","부산중구 대청로 126번길 12","2층 화장실 옆","051-715-6063","외부인","가능","129.0337513","35.10166915","2020-12-31"
"부산","영도구","영도구보건소","부산 영도구 태종로 423","구관 출입구 근처","051-419-4889","외부인","가능","129.0679144","35.09121408","2020-12-31"
"부산","영도구","영도구청","부산 영도구 태종로 423","구청 1층","051-419-4262","외부인","가능","129.0679144","35.09121408","2020-12-31"
"부산","영도구","영도도서관","부산 영도구 함지로79번길 6","1층 어린이자료실 내","051-419-4835","외부인","가능","129.0668621","35.07526852","2020-12-31"
"부산","영도구","영도어린이영어도서관","부산 영도구 절영로 71","3층 키즈월드 내","051-419-5673","외부인","가능","129.0389287","35.08860879","2020-12-31"
"부산","영도구","태종대유원지사업소","부산 영도구 전망로 24","입구 관광안내소 내","051-860-7867","외부인","가능","129.0798034","35.05969475","2020-12-31"
"부산","영도구","영도문화예술회관","부산광역시 영도구 함지로79번길 6","지하1층","051-419-5561","외부인","가능","129.0665540","35.07588600","2020-12-31"
"부산","영도구","국립해양박물관2F","부산 영도구 해양로301번길 45","전시동 2층화장실옆","051-309-1772","외부인","불가","129.0802497","35.07856617","2020-12-31"
"부산","영도구","국립해양박물관4F","부산 영도구 해양로301번길 45 (동삼동, 국립해양박물관)","전시동 4층화장실옆","051-309-1772","외부인","불가","129.0802497","35.07856617","2020-12-31"
"부산","연제구","거제종합사회복지관","부산 연제구 아시아드대로46번길 45","2층 아동신나는 놀이터안","051-507-8173","외부인","가능","129.0707024","35.18847696","2020-12-31"
"부산","연제구","부산고등법원","부산 연제구 법원로 31","1층 종합민원실 맞은편","051-590-1110","외부인","가능","129.0732703","35.19253748","2020-12-31"
"부산","연제구","부산교통공사교대역","부산 연제구 중앙대로 지하 1217 (거제동, 도시철도 교대역)","고객센터 내","051-678-6124","외부인","가능","129.0792787","35.19600843","2020-12-31"
"부산","연제구","부산교통공사시청역","부산 연제구 중앙대로 지하 1017 (연산동, 도시철도 시청역)","고객센터 내","051-678-6122","외부인","가능","129.0766266","35.17978006","2020-12-31"
"부산","연제구","부산교통공사연산역","부산 연제구 중앙대로 지하 1101 (연산동, 도시철도연산역)","고객센터내 별도의 공간","051-678-6123","외부인","가능","129.0815078","35.18607327","2020-12-31"
"부산","연제구","부산시청","부산 연제구 중앙대로 1001","2층 통합민원실 아주라휴게실","051-888-1451","외부인","가능","129.0750915","35.17992893","2020-12-31"
"부산","연제구","연제구보건소","부산 연제구 연제로 2","1층 구강보건실 안","051-665-4876","외부인","가능","129.0797412","35.17620985","2020-12-31"
"부산","연제구","연제구육아종합지원센터","부산 연제구 거제대로124번길 22","2층 장난감도서관내","051-866-7191","외부인","가능","129.0702605","35.17907038","2020-12-31"
"부산","연제구","연제구청","부산 연제구 연제로 2","1층 구정홍보관 옆","051-665-5012","직원용","불가","129.0797412","35.17620985","2020-12-31"
"부산","연제구","연제도서관","부산 연제구 황령산로 612","2층 열람실 맞은편","051-665-5511","외부인","가능","129.0829635","35.17416193","2020-12-31"
"부산","연제구","이마트연제점","부산 연제구 연수로 89 (연산동, 신세계연제점E마트)","2층 문화센터","051-860-1234","외부인","가능","129.0813103","35.17615076","2020-12-31"
"부산","연제구","코레일동해선거제역","부산 연제구 법원남로9번길 17","3층 고객지원실 옆","051-440-2238","외부인","가능","129.0742955","35.18950873","2020-12-31"
"부산","연제구","코레일동해선거제해맞이역","부산 연제구 거제대로 123 (거제동, 거제해맞이역)","1층 고객지원실 옆","051-440-2234","외부인","가능","129.0689926","35.18117281","2020-12-31"
"부산","연제구","코레일동해선교대역","부산 연제구 중앙대로 1196","3층 고객지원실 옆","051-440-2240","외부인","가능","129.0794788","35.19370811","2020-12-31"
"부산","연제구","홈플러스아시아드점","부산 연제구 종합운동장로 7","지하2층 문화센터","051-500-8005","외부인","가능","129.0620097","35.19126678","2020-12-31"
"부산","연제구","홈플러스연산점","부산 연제구 반송로 88","3층 서적코너 옆","051-850-8123","외부인","가능","129.0893357","35.19096064","2020-12-31"
"부산","수영구","메가마트남천점1F","부산 수영구 황령대로 521","1층 여자 화장실옆","051-608-6022","외부인","가능","129.1109928","35.13725731","2020-12-31"
"부산","수영구","메가마트남천점2F","부산 수영구 황령대로 521 (남천동, 메가마트 남천점)","2층 여자화장실 옆","051-608-6022","외부인","가능","129.1109928","35.13725731","2020-12-31"
"부산","수영구","민락수변공원","부산 수영구 광안해변로 361","2층 관리사무실 내","051-610-4742","외부인","가능","129.1313380","35.15634951","2020-12-31"
"부산","수영구","부산교통공사광안역","부산 수영구 수영로 지하 576 (광안동, 도시철도 광안역)","고객센터 내","051-678-6209","외부인","가능","129.1131729","35.15792416","2020-12-31"
"부산","수영구","부산교통공사금련산역","부산 수영구 수영로 지하 482 (남천동, 도시철도 금련산역)","고객센터 내","051-678-6210","외부인","가능","129.1109542","35.14974192","2020-12-31"
"부산","수영구","부산교통공사남천역","부산 수영구 수영로 지하 410 (남천동, 도시철도 남천역)","고객센터 내","051-678-6211","외부인","가능","129.1087702","35.14246971","2020-12-31"
"부산","수영구","부산교통공사망미역","부산 수영구 연수로 지하 337 (망미동, 도시철도 망미역)","고객센터 내","051-678-6302","외부인","가능","129.1075459","35.17192927","2020-12-31"
"부산","수영구","부산교통공사민락역","부산 수영구 수영로 지하 769 (민락동, 도시철도 민락역)","고객센터 내","051-678-6207","외부인","가능","129.1227881","35.16672298","2020-12-31"
"부산","수영구","부산교통공사수영역","부산 수영구 수영로 지하 677 (광안동, 도시철도 수영역)","고객센터 내","051-678-6208","외부인","가능","129.1145600","35.16625823","2020-12-31"
"부산","수영구","부산동부고용복지플러스센터","부산 수영구 수영로 676","1층 안내센터옆","051-760-7114","외부인","가능","129.1151602","35.16600031","2020-12-31"
"부산","수영구","수영구보건소","부산 수영구 수영로 637-5","3층 모자보건실내","051-610-5604","외부인","가능","129.1134875","35.16247327","2020-12-31"
"부산","수영구","수영구육아종합지원센터","부산 수영구 장대골로 20-14 (광안동)","1층 안내데스크 맞은편","051-756-3700","외부인","가능","129.1115066","35.15967916","2020-12-31"
"부산","수영구","수영구청","부산 수영구 남천동로 100","2층 대강당옆","051-610-4152","외부/직원용","가능","129.1123652","35.14536623","2020-12-31"
"부산","수영구","수영세무서","부산 수영구 남천동로19번길 28","1층 민원실 내","051-620-9242","외부인","가능","129.1112429","35.14353771","2020-12-31"
"부산","수영구","인구보건복지협회부산지회가족보건의원","부산 수영구 수영로 425 (남천동)","가족보건의원","051-638-6909","외부인","가능","129.1089905","35.14414427","2020-12-31"
"부산","수영구","코스트코부산점","부산 수영구 구락로 137","1층 여자 화장실옆","-","외부인","가능","129.1152652","35.17850156","2020-12-31"
"부산","서구","국민건강보험공단서부지사","부산 서구 구덕로285번길 7","1층 민원실 내부","051-240-6115","외부인","가능","129.0178327","35.10917775","2020-12-31"
"부산","서구","동아대학교법학전문대학원","부산 서구 구덕로 225","법학대학 건물 1층 진료실 내","051-200-8581","외부인","가능","129.0194103","35.10373802","2020-12-31"
"부산","서구","부산교통공사동대신역","부산 서구 구덕로 지하 290 (동대신동2가)","고객센터 내","051-678-6108","외부인","가능","129.0176187","35.11048659","2020-12-31"
"부산","서구","부산교통공사서대신역","부산 서구 대영로 지하 1 (서대신동2가)","고객센터 내","051-240-6107","외부인","가능","129.0194264","35.11090183","2020-12-31"
"부산","서구","부산교통공사토성역","부산 서구 구덕로 지하 170 (토성동3가)","고객센터 내","051-240-6109","외부인","가능","129.0197893","35.10070611","2020-12-31"
"부산","서구","부산서구청","부산 서구 구덕로 120","본관 민원안내실 앞","051-240-4262","외부인","가능","129.0234240","35.09753855","2020-12-31"
"부산","서구","서구보건소","부산 서구 부용로 30","1층 모자보건실 내부","051-240-4869","외부인","가능","129.0180414","35.10743629","2020-12-31"
"부산","서구","송도해상케이블카","부산 서구 송도해변로 171 (암남동, 송도케이블카)","송도해상케이블카 본건물 2층","051-247-9909","외부인","가능","129.0233614","35.07675264","2020-12-31"
"부산","서구","송도해수욕장","부산 서구 송도해변로 50","송도해수욕장 임해행정봉사실 2층 숙직실","051-240-4086","외부인","불가","129.0163418","35.07394528","2020-12-31"
"부산","서구","건강가정지원센터","부산 서구 구덕로 127 3층 공동육아나눔터 내","-","051-257-0064","외부인","가능","129.0221100","35.09677800","2020-12-31"
"부산","사하구","부산교통공사신평역","부산 사하구 하신번영로 140","고객센터 내","051-678-6101","외부인","가능","128.9605919","35.09215815","2020-12-31"
"부산","사하구","부산교통공사장림역","부산 사하구 다대로 지하 230 (장림동, 장림역)","대합실 5번출구쪽","051-678-6199","외부인","가능","128.9773809","35.08191897","2020-12-31"
"부산","사하구","부신교통공사하단역","부산 사하구 낙동남로 지하 1415 (하단동, 하단역)","고객센터 내","051-678-6102","외부인","가능","128.9662412","35.10618422","2020-12-31"
"부산","사하구","사하구건강가정지원센터공동육아나눔터","부산 사하구 동매로66번길 6","하단꿈길 작은도서관 1층","051-205-4583","외부인","가능","128.9652983","35.10250497","2020-12-31"
"부산","사하구","사하구청","부산 사하구 낙동대로398번길 12","1층 로비 직원휴게실옆","051-220-4261","외부인","가능","128.9747879","35.10450217","2020-12-31"
"부산","사하구","아트몰링부산점","부산 사하구 낙동남로 1413","12층 유아휴게실","051-999-7223","외부인","가능","128.9668740","35.10681916","2020-12-31"
"부산","사하구","탑마트신평점","부산 사하구 하신중앙로 210","1층 매장입구","051-293-8483","외부인","가능","128.9623063","35.09712033","2020-12-31"
"부산","사하구","홈플러스장림점","부산 사하구 다대로 225","4층 푸드코트 내","051-792-8540","외부인","가능","128.9782534","35.08243474","2020-12-31"
"부산","사하구","뉴코아아울렛괴정점","부산 사하구 사하로 190","4층","051-209-5119","외부인","가능","128.9938949","35.09903752","2020-12-31"
"부산","사하구","롯데마트사하점","부산 사하구 을숙도대로 610","2층","051-603-2528","외부인","가능","128.9723158","35.08478117","2020-12-31"
"부산","사하구","부산교통공사괴정역","부산 사하구 낙동대로 지하 221 (괴정동, 괴정역)","고객센터 내","051-678-6105","외부인","가능","128.9925014","35.09989627","2020-12-31"
"부산","사하구","부산교통공사낫개역","부산 사하구 다대로 지하 422 (다대동, 낫개역)","고객센터 옆(잠금장치)","051-678-6197","외부인","가능","128.9796593","35.06522442","2020-12-31"
"부산","사하구","부산교통공사다대포항역","부산 사하구 다대로 지하 548 (다대동, 다대포항역)","고객센터 내","051-678-6196","외부인","가능","128.9708363","35.05711963","2020-12-31"
"부산","사하구","부산교통공사다대포해수욕장역","부산 사하구 다대로 692","고객센터 옆","051-678-6195","외부인","가능","128.9658666","35.04844266","2020-12-31"
"부산","사하구","부산교통공사당리역","부산 사하구 낙동대로 지하 405 (당리동, 당리역)","고객센터 내","051-678-6103","외부인","가능","128.9738545","35.10349109","2020-12-31"
"부산","사하구","부산교통공사대티역","부산 사하구 낙동대로 지하 141 (괴정동, 대티역)","고객센터 내","051-678-6106","외부인","가능","129.0002818","35.10290604","2020-12-31"
"부산","사하구","부산교통공사동매역","부산 사하구 신산로 지하 168 (신평동, 동매역)","고객센터 내","051-678-6100","외부인","가능","128.9734497","35.08975686","2020-12-31"
"부산","사하구","부산교통공사사하역","부산 사하구 낙동대로 지하 309 (괴정동, 사하역)","고객센터 내","051-678-6104","외부인","가능","128.9830544","35.09960378","2020-12-31"
"부산","사하구","부산교통공사신장림역","부산 사하구 다대로 지하 310 (장림동, 신장림역)","고객센터 옆","051-678-6198","외부인","가능","128.9773809","35.08191897","2020-12-31"
"부산","사하구","사하구제2청사","부산 사하구 하신중앙로 185","1층 아가맘센터, 3층 수유실","051-220-5762","외부인","가능","128.9605919","35.09215815","2020-12-31"
"부산","사하구","사하구 다대도서관","부산 사하구 다대낙조2길 9","2층 어린이자료실","051-220-5866","외부인","가능","128.9646800","35.05041000","2020-12-31"
"부산","사하구","부산광역시 현대미술관","부산 사하구 낙동남로 1191","지하1층","051-220-7331","외부인","불가","128.9428500","35.10956000","2020-12-31"
"부산","사상구","국민건강보험공단부산사상지사","부산 사상구 사상로181번길 10","4층 민원실 맞은 편","051-320-0112","외부인","가능","128.9849984","35.16078430","2020-12-31"
"부산","사상구","르네시떼","부산 사상구 광장로 7","르네관 1,2,3,4,6층, 시떼관1층","051-319-8941","외부인","가능","128.9777197","35.16433176","2020-12-31"
"부산","사상구","모라종합사회복지관","부산 사상구 모라로110번길 129","2층 복도 왼쪽 끝 도서관 안","051-304-9876","외부인","가능","128.9978728","35.18494438","2020-12-31"
"부산","사상구","미래어린이병원","부산 사상구 낙동대로 790","신우프라자 4층원무과 앞","051-313-1717","외부인","불가","128.9724492","35.13103136","2020-12-31"
"부산","사상구","부산교통공사냉정역","부산 사상구 가야대로 지하 362-1 (주례동, 냉정역)","고객센터 내","051-678-6224","외부인","가능","129.0125296","35.15126359","2020-12-31"
"부산","사상구","부산교통공사덕포역","부산 사상구 사상로 지하 320-1 (덕포동, 덕포역)","고객센터 내","051-678-6228","외부인","가능","128.9839718","35.17395307","2020-12-31"
"부산","사상구","부산교통공사모덕역","부산 사상구 사상로 지하 409 (덕포동, 모덕역)","고객센터 내","051-678-6229","외부인","가능","128.9855646","35.18039411","2020-12-31"
"부산","사상구","부산교통공사모라역","부산 사상구 사상로 지하 498 (모라동, 모라역)","고객센터 내","051-678-6230","외부인","가능","128.9886082","35.18964463","2020-12-31"
"부산","사상구","부산교통공사주례역","부산 사상구 가야대로 지하 292 (주례동, 주례역)","고객센터 내","051-678-6225","외부인","가능","129.0031366","35.15050353","2020-12-31"
"부산","사상구","부산구치소","부산 사상구 학장로 268","1층 종합민원실 내","051-309-8580","외부인","가능","128.9969690","35.14603849","2020-12-31"
"부산","사상구","부산보훈병원","부산 사상구 백양대로 420","동관 2층 소아청소년과","051-601-6372","외부/직원용","가능","129.0082475","35.15289483","2020-12-31"
"부산","사상구","부산북부고용노동지청","부산 사상구 백양대로 804","3층 직원 휴게실","051-309-1577","외부인","가능","128.9889077","35.17903275","2020-12-31"
"부산","사상구","사상경찰서","부산 사상구 학감대로 264","1층 민원실 입구","051-329-0321","외부인","가능","128.9913635","35.15436842","2020-12-31"
"부산","사상구","사상구보건소","부산 사상구 학감대로 242","2층 모자보건실 안","051-310-4817","외부인","가능","128.9914512","35.15254688","2020-12-31"
"부산","사상구","사상구육아종합지원센터","부산 사상구 낙동대로1210번길 17","1층 안내데스크 앞","051-321-3389","외부인","가능","128.9778956","35.16801707","2020-12-31"
"부산","사상구","사상구청","부산 사상구 학감대로 242","1층 민원실입구","051-310-4261","외부인","가능","128.9914512","35.15254688","2020-12-31"
"부산","사상구","애플아울렛","부산 사상구 사상로 201","2층 푸드코드 옆","051-559-1543","외부인","불가","128.9809876","35.16315151","2020-12-31"
"부산","사상구","은혜로교회","부산 사상구 대동로 14","본당 4층","051-311-9191","외부인","불가","128.9735622","35.13235649","2020-12-31"
"부산","사상구","이마트사상점","부산 사상구 광장로 17","2층 수선실 옆","051-329-1113","외부인","가능","128.9788930","35.16423213","2020-12-31"
"부산","사상구","좋은삼선병원","부산 사상구 가야대로 326","신관 1층 소아청소년과 내","051-310-9402","외부/직원용","가능","129.0078075","35.15014923","2020-12-31"
"부산","사상구","큰솔병원","부산 사상구 대동로 141","1층 소아과 옆","051-325-9700","외부인","가능","128.9825495","35.14063085","2020-12-31"
"부산","사상구","홈플러스서부산점","부산 사상구 광장로 7","지하 2층 문화센터옆","051-319-9173","외부인","가능","128.9777197","35.16433176","2020-12-31"
"부산","사상구","사상아동보건센터","부산 사상구 백양대로 952(모라1동)","사상아동보건센터 1층","051-310-5233","외부/직원용","가능","128.9923800","35.19130000","2020-12-31"
"부산","북구","구포2동주민센터","부산 북구 낙동북로663번길 23","1층 여자 화장실옆","051-309-6234","외부인","가능","128.9979584","35.20269212","2020-12-31"
"부산","북구","농협하나로마트","부산 북구 금곡대로 468","2층 한의원 옆","051-330-9186","외부인","가능","129.0127713","35.25022531","2020-12-31"
"부산","북구","뉴코아아울렛덕천점","부산 북구 만덕대로 23","5층 유아휴게실","-","외부인","가능","129.0075948","35.21110330","2020-12-31"
"부산","북구","덕천3동주민센터","부산 북구 덕천로 118","1층 숙직실","051-309-6413","외부인","가능","129.0174538","35.20992104","2020-12-31"
"부산","북구","덕천보건지소","부산 북구 만덕대로 89번길 9","1층 민원실 옆","051-309-7071","외부인","가능","129.0144031","35.21276802","2020-12-31"
"부산","북구","롯데마트화명점","부산 북구 화명대로 47","3층 세탁소 옆 유아휴게실","051-604-2500","외부인","불가","129.0130124","35.23517016","2020-12-31"
"부산","북구","부산공통공사화명역","부산 북구 금곡대로 지하 311 (화명동, 화명역)","고객센터 내","051-309-6235","외부인","가능","129.0138772","35.23580289","2020-12-31"
"부산","북구","부산교통공사구남역","부산 북구 백양대로 지하 1026 (구포동, 도시철도구남역)","고객센터 내","051-678-6231","외부인","가능","128.9949997","35.19692055","2020-12-31"
"부산","북구","부산교통공사구명역","부산 북구 백양대로 지하 1094 (구포동, 구명역)","고객센터 내","051-678-6232","외부인","가능","128.9995075","35.20274242","2020-12-31"
"부산","북구","부산교통공사구포역","부산 북구 낙동대로 1697 (구포동, 구포역)","고객센터 내","051-678-6314","외부인","가능","128.9964147","35.20667098","2020-12-31"
"부산","북구","부산교통공사금곡역","부산 북구 금곡대로 685","고객센터 내","051-678-6238","외부인","가능","129.0169099","35.26747006","2020-12-31"
"부산","북구","부산교통공사남산정역","부산 북구 만덕대로 지하 179 (만덕동, 남산정역)","고객센터 내","051-678-6311","외부인","가능","129.0245042","35.21336790","2020-12-31"
"부산","북구","부산교통공사덕천역","부산 북구 금곡대로 지하 14 (덕천동, 3호선덕천역)","고객센터 내","051-678-6233","외부인","가능","129.0056600","35.21007380","2020-12-31"
"부산","북구","부산교통공사동원역","부산 북구 금곡대로 575","고객센터 내","051-678-6237","외부인","가능","129.0123927","35.25864740","2020-12-31"
"부산","북구","부산교통공사만덕역","부산 북구 만덕대로 지하 291 (만덕동, 만덕역)","고객센터 내","051-678-6310","외부인","가능","129.0361523","35.21295315","2020-12-31"
"부산","북구","부산교통공사수정역","부산 북구 금곡대로 지하 160 (화명동, 수정역)","고객센터 내","051-678-6234","외부인","가능","129.0091490","35.22307882","2020-12-31"
"부산","북구","부산교통공사숙등역","부산 북구 만덕대로 지하 79 (덕천동, 숙등역)","고객센터 내","051-678-6312","외부인","가능","129.0134727","35.21214485","2020-12-31"
"부산","북구","부산북구다문화가족지원센터","부산 북구 효열로 76(금곡4단지 주공아파트)","공동육아나눔터 내","051-365-3408","외부인","가능","129.0153852","35.25363765","2020-12-31"
"부산","북구","부산교통공사율리역","부산 북구 금곡대로 지하 440 (금곡동, 율리역)","고객센터 내","051-678-6236","외부인","가능","129.0129201","35.24716837","2020-12-31"
"부산","북구","부산북구보건소","부산 북구 금곡대로 348","1층 모자보건실옆","051-309-7022","외부인","가능","129.0144151","35.23929575","2020-12-31"
"부산","북구","부산북구육아종합지원센터","부산 북구 만덕1로104번가길 37 (만덕동)","1층","051-342-6161","외부인","불가","129.0284401","35.21628203","2020-12-31"
"부산","북구","부산시인재개발원","부산 북구 효열로 256","3층 모성상담실 맞은편","051-366-7583","외부인","가능","129.0211391","35.26817352","2020-12-31"
"부산","북구","북구청","부산 북구 낙동대로1570번길 33","1층 노조사무실 옆","051-309-4376","외부인","가능","128.9900906","35.19687972","2020-12-31"
"부산","북구","시립구포도서관","부산 북구 백양대로1016번다길 43","1층 어린이도서관 안","051-330-6344","외부인","가능","128.9960069","35.19397371","2020-12-31"
"부산","북구","코레일구포역","부산 북구 구포만세길 82 (구포동, 구포역)","2층 고객대기실 내","051-440-2495","외부인","가능","128.9971469","35.20547510","2020-12-31"
"부산","북구","한국방송통신대학교부산","부산 북구 학사로17번길 14","1층 유아방 내","051-361-9905","외부인","불가","129.0064805","35.22402949","2020-12-31"
"부산","북구","화명1동주민센터","부산 북구 금곡대로 274","민원실 안쪽 상담실내","051-309-6312","외부인","가능","129.0137846","35.23278402","2020-12-31"
"부산","북구","화명2동주민센터","부산 북구 양달로 58","1층 상담실","051-309-6324","외부인","가능","129.0198418","35.24361279","2020-12-31"
"부산","북구","화명3동주민센터","부산 북구 화명신도시로 85","1층 당직실","051-309-6353","외부인","가능","129.0100490","35.23186884","2020-12-31"
"부산","북구","부산 건강가정지원센터","부산북구 효열로 256","1층 정보자료실내","051-330-3474","외부인","불가","129.0211391","35.26817352","2020-12-31"
"부산","부산진구","부산교통공사전포역","부산 부산진구 전포대로 지하 181 (전포동, 전포역)","고객센터 내","051-678-6218","외부인","가능","129.0653617","35.15283807","2020-12-31"
"부산","부산진구","부산시민공원문화예술촌","부산 부산진구 시민공원로 73","문화예술촌 옆","051-810-6016","외부인","가능","129.0558558","35.16545076","2020-12-31"
"부산","부산진구","부산시민공원방문자센터","부산 부산진구 시민공원로 73 (범전동, 부산시민공원)","방문자센터 1층","051-850-6016","외부인","가능","129.0558558","35.16545076","2020-12-31"
"부산","부산진구","부산시민도서관","부산 부산진구 월드컵대로 462","꿈 책마을1층 유아실 내","051-810-8284","외부인","가능","129.0501408","35.18280723","2020-12-31"
"부산","부산진구","부산시설공단송상현광장","부산 부산진구 중앙대로 818","선큰 광장 1층","051-850-6081","외부인","가능","129.0627412","35.16419620","2020-12-31"
"부산","부산진구","부산어린이대공원","부산 부산진구 새싹로 295","관광안내소 옆","051-860-7818","외부인","가능","129.0466894","35.18250363","2020-12-31"
"부산","부산진구","부산어린이회관","부산 부산진구 성지곡로33번길 29-28 (초읍동, 부산광역시어린이회관)","1층 유아휴게실","051-810-8825","외부인","불가","129.0456973","35.18561299","2020-12-31"
"부산","부산진구","부산진구보건소","부산 부산진구 황령대로8번길 36","A동 1층 모유수유실","051-605-6033","외부인","가능","129.0597211","35.14611814","2020-12-31"
"부산","부산진구","부산진구육아종합지원센터","부산 부산진구 가야대로 575-18","2층 수유실","051-936-7011","외부인","가능","129.0348512","35.15547355","2020-12-31"
"부산","부산진구","부산진구청","부산 부산진구 시민공원로 30","2층 여직원휴게실","051-605-4106","외부/직원용","불가","129.0531876","35.16283294","2020-12-31"
"부산","부산진구","이마트트레이더스서면점","부산 부산진구 시민공원로 31","2층 계산대 맞은편","051-718-1115","외부인","가능","129.0525537","35.16390210","2020-12-31"
"부산","부산진구","홈플러스가야점","부산 부산진구 가야대로 506","4층 문화센터","051-890-8024","외부인","불가","129.0273170","35.15246399","2020-12-31"
"부산","부산진구","NC백화점서면점","부산 부산진구 동천로 92","3층 엘리베이터 옆","051-794-7085","외부인","가능","129.0630128","35.15703218","2020-12-31"
"부산","부산진구","국민건강보험공단부산진구지사","부산 부산진구 중앙대로 798","1층 여직원 휴게실 옆","051-605-2117","외부인","가능","129.0635817","35.16278708","2020-12-31"
"부산","부산진구","롯데마트부산점","부산 부산진구 신천대로 241","3층 유아휴게실","051-608-2570","외부인","가능","129.0493190","35.16330824","2020-12-31"
"부산","부산진구","롯데백화점부산본점","부산 부산진구 가야대로 772","6층 유아휴게실","051-810-2211","외부인","가능","129.0564133","35.15679253","2020-12-31"
"부산","부산진구","부산고용복지플러스센터","부산 부산진구 중앙대로 993","3층여자 휴게실 옆","051-860-2142","외부인","가능","129.0746271","35.17801310","2020-12-31"
"부산","부산진구","부산교육청","부산 부산진구 화지로 12","3층 보건실","051-860-0136","외부인","불가","129.0639412","35.17604338","2020-12-31"
"부산","부산진구","부산교통공사가야역","부산 부산진구 가야대로 지하 650 (가야동, 가야역)","고객센터 내","051-678-6221","외부인","가능","129.0428246","35.15587381","2020-12-31"
"부산","부산진구","부산교통공사개금역","부산 부산진구 가야대로 지하 442 (개금동, 개금역)","고객센터 내","051-678-6223","외부인","가능","129.0204124","35.15324354","2020-12-31"
"부산","부산진구","부산교통공사동의대역","부산 부산진구 가야대로 지하 554 (가야동, 동의대역)","고객센터 내","051-678-6222","외부인","가능","129.0327304","35.15353564","2020-12-31"
"부산","부산진구","부산교통공사범내골역","부산 부산진구 중앙대로 지하 612 (범천동, 범내골역)","고객센터 내","051-678-6118","외부인","가능","129.0600102","35.14726038","2020-12-31"
"부산","부산진구","부산교통공사부암역","부산 부산진구 가야대로 지하 719 (부전동, 지하철 부암역)","고객센터 내","051-678-6220","외부인","가능","129.0500584","35.15765009","2020-12-31"
"부산","부산진구","부산교통공사부전역","부산 부산진구 중앙대로 지하 786 (부전동, 부전역)","고객센터 내","051-678-6120","외부인","가능","129.0631645","35.16193442","2020-12-31"
"부산","부산진구","부산교통공사서면역","부산 부산진구 중앙대로 지하 730 (부전동, 서면역)","고객센터 내","051-678-6119","외부인","가능","129.0584440","35.15765814","2020-12-31"
"부산","부산진구","부산교통공사양정역","부산 부산진구 중앙대로 지하 930 (양정동, 양정역)","고객센터 옆","051-678-6121","외부인","가능","129.0712233","35.17296847","2020-12-31"
"부산","동래구","국민건강보험공단동래지사","부산 동래구 아시아드대로 141","2층 민원실우측","051-500-9115","직원+외부인","가능","129.0653123","35.19695253","2020-12-31"
"부산","동래구","동래구보건소","부산 동래구 명륜로187번길 56","1층 모자보건실 앞","051-550-6771","직원+외부인","가능","129.0798562","35.21140793","2020-12-31"
"부산","동래구","동래구육아종합지원센터","부산 동래구 시실로 129","1층 맘쓰허그 장난감 도서관 내","070-7039-9473","직원+외부인","가능","129.0956729","35.21150000","2020-12-31"
"부산","동래구","동래구육아종합지원센터","부산 동래구 반송로 164 (낙민동, 부산동래역행복주택)","1층 도서관내","070-7039-9471","직원+외부인","가능","129.0956729","35.21150000","2020-12-31"
"부산","동래구","동래읍성도서관","부산 동래구 동래로159번길 153","1층 유아자료실 안쪽","051-550-6901","직원+외부인","가능","129.0946818","35.20721840","2020-12-31"
"부산","동래구","롯데마트동래점","부산 동래구 중앙대로 1393","2층 토이저러스 옆","051-668-2516","직원+외부인","가능","129.0774768","35.21170859","2020-12-31"
"부산","동래구","롯데백화점동래점","부산 동래구 중앙대로 1393","6층","051-668-3640","직원+외부인","가능","129.0774768","35.21170859","2020-12-31"
"부산","동래구","메가마트동래점","부산 동래구 충렬대로 197","1층 화장실 옆","051-550-6021","직원+외부인","가능","129.0811380","35.20454596","2020-12-31"
"부산","동래구","부산교통공사낙민역","부산 동래구 충렬대로 지하 285 (낙민동, 도시철도 낙민역)","1층 대합실 안쪽","051-678-6404","직원+외부인","가능","129.0908318","35.20019536","2020-12-31"
"부산","동래구","부산교통공사동래역","부산 동래구 중앙대로 1324","고객센터 내","051-678-6125","직원+외부인","가능","129.0784835","35.20561527","2020-12-31"
"부산","동래구","부산교통공사명륜역","부산 동래구 중앙대로 1414","고객센터 내","051-678-6126","직원+외부인","가능","129.0797178","35.21257195","2020-12-31"
"부산","동래구","부산교통공사명장역","부산 동래구 반송로 지하 281 (명장동, 도시철도 명장역)","1층 대합실 안쪽","051-678-6406","직원+외부인","가능","129.1018279","35.20533270","2020-12-31"
"부산","동래구","부산교통공사미남역","부산 동래구 아시아드대로 지하 232 (온천동, 도시철도 미남역)","고객센터 내","051-678-6309","직원+외부인","가능","129.0681270","35.20559903","2020-12-31"
"부산","동래구","부산교통공사사직역","부산 동래구 아시아드대로 지하 153 (사직동, 도시철도사직역)","고객센터 내","051-678-6308","직원+외부인","가능","129.0650641","35.19896481","2020-12-31"
"부산","동래구","부산교통공사수안역","부산 동래구 충렬대로 지하 223 (수안동, 도시철도수안역)","1층 대합실 안쪽","051-678-6403","직원+외부인","가능","129.0839023","35.20183509","2020-12-31"
"부산","동래구","부산교통공사온천장역","부산 동래구 중앙대로 1520","고객센터 내","051-678-6127","직원+외부인","가능","129.0863777","35.22028221","2020-12-31"
"부산","동래구","부산교통공사충렬사역","부산 동래구 반송로 지하 205 (안락동, 도시철도충렬사역)","1층 대합실 안쪽","051-678-6405","직원+외부인","가능","129.0975347","35.19969303","2020-12-31"
"부산","동래구","사직야구장1F","부산 동래구 사직로 45","1층 1루측 1-5.6게이트 사이","051-590-9042","직원+외부인","불가","129.0598874","35.19440420","2020-12-31"
"부산","동래구","사직야구장2F","부산 동래구 사직로 45 (사직동, 사직야구장)","2층 3루측 메인출입구","051-590-9042","직원+외부인","불가","129.0598874","35.19440420","2020-12-31"
"부산","동래구","안락누리도서관","부산 동래구 명안로10번길 64","2층 유아자료실 안쪽","051-550-6911","직원+외부인","가능","129.1077326","35.19698604","2020-12-31"
"부산","동래구","코레일동해선동래역","부산 동래구 낙민로 27","1층 3번 출구옆","051-440-2242","직원+외부인","가능","129.0911447","35.19731712","2020-12-31"
"부산","동래구","코레일동해선안락역","부산 동래구 안연로98번길 57","1층 고객지원실 맞은편","051-440-2260","직원+외부인","가능","129.1005490","35.19602405","2020-12-31"
"부산","동래구","해양자연사박물관","부산 동래구 우장춘로 175","4층","051-550-8807","직원+외부인","가능","129.0756462","35.22195558","2020-12-31"
"부산","동래구","홈플러스동래점","부산 동래구 중앙대로 1523","지하2층 매장내 무빙워크옆","051-559-8125","직원+외부인","가능","129.0855783","35.22128992","2020-12-31"
"부산","동구","부산항국제여객터미널","부산 동구 충장대로 206","2층 대합실 내","051-400-1215","외부인","가능","129.0491505","35.11774411","2020-12-31"
"부산","동구","코레일부산역","부산 동구 중앙대로 206","2층 매표소와 역무실사이","051-440-2507","외부인","가능","129.0450567","35.11760826","2020-12-31"
"부산","동구","현대백화점부산점","부산 동구 범일로 125","7층 유아휴게실","051-667-0126","외부인","가능","129.0585722","35.14130573","2020-12-31"
"부산","동구","동구보건소","부산 동구 구청로 1","1층 모자보건실 옆","051-440-6524","외부인","가능","129.0452940","35.12929736","2020-12-31"
"부산","동구","부산교통공사범일역","부산 동구 범일로 지하 108 (범일동)","고객센터 내","051-678-6117","외부인","가능","129.0596695","35.13961052","2020-12-31"
"부산","동구","부산교통공사부산역","부산 동구 중앙대로 지하 200 (초량동)","고객센터 내","051-678-6113","외부인","가능","129.0460896","35.11760826","2020-12-31"
"부산","동구","부산교통공사부산진역","부산 동구 중앙대로 지하 350 (초량동, 부산진역)","고객센터 내","051-678-6115","외부인","가능","129.0473801","35.12683653","2020-12-31"
"부산","동구","부산교통공사좌천역","부산 동구 중앙대로 지하 446 (좌천동)","고객센터 내","051-678-6116","외부인","가능","129.0543118","35.13430302","2020-12-31"
"부산","동구","부산교통공사초량역","부산 동구 중앙대로 지하 264 (초량동, 초량역)","고객센터 내","051-678-6114","외부인","가능","129.0428076","35.12016960","2020-12-31"
"부산","동구","부산시민회관","부산 동구 자성로 133번길 16","2층 대강당 옆","051-630-5213","외부인","가능","129.0652231","35.13884966","2020-12-31"
"부산","동구","행복동구건강생활지원센터","부산 동구 안창로 90(범일동)","3층 아토피관리실 내","-","외부인","가능","129.0391600","35.14500000","2020-12-31"
"부산","동구","동구도서관","부산 동구 성북로36번길 54(범일동)","1층 어린이자료실 내","-","외부인","가능","129.0515000","35.13811000","2020-12-31"
"부산","동구","동구종합사회복지관","부산 동구 안창로 57(범일동)","4층 장난감도서관 내","-","외부인","가능","129.0424600","35.14581000","2020-12-31"
"부산","남구","남구도서관","부산 남구 수영로 267번길 61","1층 어린이 자료실 내","051-607-6576","외부인","가능","129.0945721","35.13769539","2020-12-31"
"부산","남구","남구보건소","부산 남구 못골로 23","1층 모자보건실 옆","051-607-6429","외부인","불가","129.0849490","35.13606939","2020-12-31"
"부산","남구","남구청","부산 남구 못골로 19","1층 오륙도 휴까페 내","051-607-4355","외부인","가능","129.0841098","35.13650057","2020-12-31"
"부산","남구","남부경찰서","부산 남구 황령대로 319번가길 81","1층 민원실 옆","051-610-8370","직원용","가능","129.0896520","35.15300936","2020-12-31"
"부산","남구","부산교통공사경성대부경대역","부산 남구 수영로 지하 324 (대연동, 경성대 부경대역)","고객센터 내","051-678-6212","외부인","가능","129.1015382","35.13756007","2020-12-31"
"부산","남구","부산교통공사국제금융센터부산은행역","부산 남구 전포대로 지하 97 (문현동, 국제금융센터.부산은행역)","고객센터 내","051-678-6217","외부인","가능","129.0667395","35.14573197","2020-12-31"
"부산","남구","부산교통공사대연역","부산 남구 수영로 지하 242 (대연동, 대연역)","고객센터 내","051-678-6213","외부인","가능","129.0922991","35.13511991","2020-12-31"
"부산","남구","부산교통공사못골역","부산 남구 수영로 지하 170 (대연동, 못골역)","고객센터 내","051-678-6214","외부인","가능","129.0852146","35.13458872","2020-12-31"
"부산","남구","부산교통공사문현역","부산 남구 전포대로 지하 17 (문현동, 문현역)","고객센터 내","051-678-6216","외부인","가능","129.0672008","35.13820126","2020-12-31"
"부산","남구","부산교통공사지게골역","부산 남구 수영로 지하 70 (문현동, 지게골역)","고객센터 내","051-678-6215","외부인","가능","129.0747543","35.13516882","2020-12-31"
"부산","남구","부산문화회관","부산 남구 유엔평화로 76번길 1","사랑채 공연장","-","외부인","불가","129.0934767","35.12718603","2020-12-31"
"부산","남구","이마트문현점","부산 남구 전포대로 91번길 47","2층 문화센터 내","051-609-1234","외부인","가능","129.0642407","35.14430272","2020-12-31"
"부산","남구","홈플러스감만점","부산 남구 우암로 124","마트 1층 모유수유실","051-609-8003","외부인","가능","129.0822116","35.12159947","2020-12-31"
"부산","남구","분포도서관","부산 남구 분포로 97","1층 어린이 자료실 내","051-607-6555","외부인","가능","129.1152231","35.13205343","2020-12-31"
"부산","남구","동명대학교","부산 남구 신선로 428","여직원 휴게실 내","051-629-0811","지원","가능","129.1013754","35.12468065","2020-12-31"
"부산","기장군","국립부산과학관1","부산 기장군 기장읍 동부산관광6로 59 (석산리, 국립부산과학관)","1층 새싹누리관 내","051-750-2388","외부인+직원","가능","129.2127032","35.20459614","2020-12-31"
"부산","기장군","국립부산과학관2","부산 기장군 기장읍 동부산관광6로 59","1층 후문쪽","051-750-2388","외부인+직원","가능","129.2127032","35.20459614","2020-12-31"
"부산","기장군","국립부산과학관3","부산 기장군 기장읍 동부산관광6로 59 (석산리, 국립부산과학관)","2층 로비","051-750-2388","외부인+직원","가능","129.2127032","35.20459614","2020-12-31"
"부산","기장군","기장군보건소","부산 기장군 기장읍 기장대로 560","1층 아가맘센터 내","051-709-4865","외부인+직원","가능","129.2229513","35.24347702","2020-12-31"
"부산","기장군","기장군육아종합지원센터","부산 기장군 정관읍 정관중앙로 110","1층 데스크 옆","051-991-0777","외부인+직원","가능","129.1822294","35.32632973","2020-12-31"
"부산","기장군","기장군청","부산 기장군 기장읍 기장대로 560","1층 일자리 경제과 앞","051-709-4162","외부인+직원","가능","129.2229513","35.24347702","2020-12-31"
"부산","기장군","기장도서관","부산 기장군 차성동로 126번길 13-5","책 놀이터관2층 가족도서방 앞","051-709-5321","외부인+직원","가능","129.2173088","35.24968128","2020-12-31"
"부산","기장군","대라다목적도서관","부산 기장군 기장읍 차성서로 86","1층 가족자료실 옆","051-709-3963","외부인+직원","가능","129.2105948","35.24079816","2020-12-31"
"부산","기장군","롯데프리미엄아울렛동부산점1","부산 기장군 기장읍 기장해안로 147 (당사리, 롯데몰 동부산점)","1층 구두매장 옆","051-901-1715","외부인+직원","가능","129.2127825","35.19221050","2020-12-31"
"부산","기장군","롯데프리미엄아울렛동부산점2","부산 기장군 기장읍 기장해안로 147 (당사리, 롯데몰 동부산점)","2층 키즈몰 옆","051-901-1715","외부인+직원","가능","129.2127825","35.19221050","2020-12-31"
"부산","기장군","롯데프리미엄아울렛동부산점3","부산 기장군 기장읍 기장해안로 147 (당사리, 롯데몰 동부산점)","3층 톡톡블록 옆","051-901-1715","외부인+직원","가능","129.2127825","35.19221050","2020-12-31"
"부산","기장군","롯데프리미엄아울렛동부산점4","부산 기장군 기장읍 기장해안로 147 (당사리, 롯데몰 동부산점)","3층 식당가 부산은행 옆","051-901-1715","외부인+직원","가능","129.2127825","35.19221050","2020-12-31"
"부산","기장군","메가마트기장점","부산 기장군 일광면 기장대로 673","1층 여자화장실 안쪽","051-728-7108","외부인+직원","불가","129.2218562","35.25469204","2020-12-31"
"부산","기장군","부산교통공사고촌역","부산 기장군 철마면 반송로 991","3층 대합실 내","051-678-6413","외부인+직원","가능","129.1604479","35.23597189","2020-12-31"
"부산","기장군","부산교통공사안평역","부산 기장군 철마면 반송로 1101","2층 대합실 내","051-678-6414","외부인+직원","가능","129.1720495","35.23750947","2020-12-31"
"부산","기장군","수산과학관","부산 기장군 기장읍 기장해안로 216","전시관뒤 바다풍경휴게실내","051-720-3067","외부인+직원","가능","129.2222856","35.19109630","2020-12-31"
"부산","기장군","신세계부산프리미엄아울렛","부산 기장군 장안읍 정관로 1133","2층 푸드코트 내","051-940-1912","외부인+직원","가능","129.2349491","35.32372898","2020-12-31"
"부산","기장군","장안휴게소부산방향","부산 기장군 장안읍 동해고속도로 25","중앙출입문 옆","051-727-3647","외부인+직원","가능","129.2464003","35.37752079","2020-12-31"
"부산","기장군","장안휴게소울산방향","부산 기장군 장안읍 동해고속도로 26","1층 본관 옆","051-727-3715","외부인+직원","가능","129.2483977","35.38287214","2020-12-31"
"부산","기장군","정관도서관","부산 기장군 정관읍 정관중앙로 100 (방곡리)","1층 어린이자료실 안","051-701-3916","외부인+직원","가능","129.1817303","35.32528904","2020-12-31"
"부산","기장군","정관박물관","부산 기장군 정관읍 정관중앙로 122 (방곡리)","3층 전시실 어린이체험실 내","051-720-6912","외부인+직원","가능","129.1853378","35.32679501","2020-12-31"
"부산","기장군","정관보건지소","부산 기장군 정관읍 용수로 4","1층 모자보건실 앞","051-709-2955","외부인+직원","가능","129.1802926","35.32550140","2020-12-31"
"부산","기장군","정관어린이도서관","부산 기장군 정관읍 8로 11","1층 시청각실 옆","051-706-5386","외부인+직원","가능","129.1767802","35.33280963","2020-12-31"
"부산","기장군","정관읍사무소","부산 기장군 정관읍 용수로 4 (용수리, 정관읍사무소)","1층민원실","051-709-5242","외부인+직원","가능","129.1802926","35.32550140","2020-12-31"
"부산","기장군","코레일동해선기장역","부산 기장군 기장읍 차성로288번길 86","2층 대합실 내","051-440-2277","외부인+직원","가능","129.2188031","35.24380736","2020-12-31"
"부산","기장군","코레일동해선오시리아역","부산 기장군 기장읍 동부산관광5로 14 (당사리, 오시리아역)","1층 대합실 내","051-440-2275","외부인+직원","가능","129.2082630","35.19621276","2020-12-31"
"부산","기장군","코레일동해선일광역","부산 기장군 일광면 일광로 111-10","1층 대합실 내","051-440-2279","외부인+직원","가능","129.2331153","35.26744910","2020-12-31"
"부산","기장군","홈플러스부산정관점","부산 기장군 정관읍 정관5로 50","1층 고객센터 옆","051-519-8220","외부인+직원","가능","129.1763857","35.32305178","2020-12-31"
"부산","기장군","내리새라도서관","기장군 기장읍 차성대로 51","3층 어린이자료실 옆","051-709-3967","외부인+직원","가능","129.2166515","35.22703660","2020-12-31"
"부산","기장군","고촌어울림도서관","기장군 철마면 고촌로 51","1층 휴게실 옆","051-709-5382","외부인+직원","가능","129.1686942","35.23873177","2020-12-31"
"부산","기장군","이케아 동부산점1","기장군 기장읍 동부산관광3로 17","1층 교환환불데스크 옆","-","외부인+직원","가능","129.2102724","35.19028869","2020-12-31"
"부산","기장군","이케아 동부산점2","기장군 기장읍 동부산관광3로 17","3층 레스토랑 옆","-","외부인+직원","가능","129.2102724","35.19028869","2020-12-31"
"부산","금정구","부산교통공사금사역","부산 금정구 반송로 465 (금사동, 금사 지하철 역)","게이트 안족","051-678-6408","외부인","가능","129.1150945","35.21577526","2020-12-31"
"부산","금정구","부산교통공사남산역","부산 금정구 중앙대로 2019-1","고객센터 내","051-678-6132","외부인","가능","129.0924959","35.26527792","2020-12-31"
"부산","금정구","부산교통공사노포역","부산 금정구 중앙대로 2238","고객센터 내","051-678-6134","외부인","가능","129.0954831","35.28468446","2020-12-31"
"부산","금정구","부산교통공사두실역","부산 금정구 중앙대로 1927-1","고객센터 내","051-678-6131","외부인","가능","129.0914159","35.25687785","2020-12-31"
"부산","금정구","부산교통공사범어사역","부산 금정구 중앙대로 2107","고객센터 내","051-678-6133","외부인","가능","129.0926786","35.27314525","2020-12-31"
"부산","금정구","부산교통공사부산대역","부산 금정구 장전온천천로 48","고객센터 내","051-678-6128","외부인","가능","129.0893474","35.22961181","2020-12-31"
"부산","금정구","부산교통공사서동역","부산 금정구 반송로 387 (서동, 서동지하철역)","게이트 안쪽","051-678-6407","외부인","가능","129.1074240","35.21306050","2020-12-31"
"부산","금정구","부산교통공사장전역","부산 금정구 장전온천천로 144","고객센터 내","051-678-6129","외부인","가능","129.0880909","35.23833946","2020-12-31"
"부산","금정구","부산대학교법학전문대학원","부산 금정구 부산대학로 63번길 2","2층 207호 수유실","051-510-1729","직원용","가능","129.0838238","35.23223941","2020-12-31"
"부산","금정구","부산종합버스터미널","부산 금정구 중앙대로 2238","1층 터미널 타는 곳 안쪽 수유실","051-508-9200","외부인","가능","129.0954831","35.28468446","2020-12-31"
"부산","금정구","부산지방공단스포원양호실","부산 금정구 체육공원로399번길 324","스포원파크 외부 양호실 겸 수유실","051-550-1411","외부인","가능","129.1070421","35.28912199","2020-12-31"
"부산","금정구","부산지방공단스포원키즈랜드","부산 금정구 체육공원로399번길 324","키즈랜드 유아방내","051-550-1424","외부인","가능","129.1070421","35.28912199","2020-12-31"
"부산","금정구","이마트금정점","부산 금정구 중앙대로1841번길 24","1층 스타벅스옆 매장입구왼쪽","051-606-1054","외부인","가능","129.0905977","35.24994464","2020-12-31"
"부산","금정구","NC백화점부산대점","부산 금정구 부산대학로63번길 2 (장전동, 부산대학교)","4층 유아휴게실 내","051-509-7000","외부인","가능","129.0838238","35.23223941","2020-12-31"
"부산","금정구","금정구보건소","부산 금정구 중앙대로 1777","1층 영상의학실 앞","051-519-5034","외부인","가능","129.0924585","35.24204980","2020-12-31"
"부산","금정구","금정도서관","부산 금정구 금정도서관로 33","1층 어린이자료실 내 유아실(수유실포함)","051-519-5626","외부인","가능","129.0961776","35.27260879","2020-12-31"
"부산","금정구","부산교통공사구서역","부산 금정구 금정로 233번길 46","고객센터 내","051-678-6130","외부인","가능","129.0912980","35.24727024","2020-12-31"
"부산","강서구","부산지방법원서부지원","부산 강서구 명지국제7로 77","1층 공용로비","051-812-1127","외부인","가능","128.9098271","35.09729175","2020-12-31"
"부산","강서구","스타필드시티 명지","부산 강서구 명지국제6로 168","3층 유아휴게실","-","외부인","가능","128.9181486","35.09310945","2020-12-31"
"부산","강서구","강서구청","부산 강서구 낙동북로 477","여성센터1층 장난감대여소 옆","051-970-4152","외부인","가능","128.9805896","35.21219970","2020-12-31"
"부산","강서구","강서도서관","부산 강서구 공항로811번길 10","1층 어린이자료실 內","051-970-4067","외부인","가능","128.9573882","35.18002552","2020-12-31"
"부산","강서구","강서보건소","부산 강서구 공항로811번길 10","1층모자보건실內","051-970-3421","외부인","가능","128.9573882","35.18002552","2020-12-31"
"부산","강서구","김해국제공항국내선","부산 강서구 공항진입로 108","국내선 2층일반대합실, 2층격리대합실, 국제선 3층일반대합실, 2층격리대합실","051-974-3974","외부인","가능","128.9457317","35.17271673","2020-12-31"
"부산","강서구","부산교도소","부산 강서구 대저중앙로 29번길 62","1층 여직원휴게실","051-718-1505","외부/직원용","불가","128.9499585","35.21983572","2020-12-31"
"부산","강서구","부산교통공사강서구청역","부산 강서구 낙동북로 485","고객센터 내","051-678-6315","외부인","가능","128.9819616","35.21121506","2020-12-31"
"부산","강서구","부산교통공사대저역","부산 강서구 낙동북로 295","고객센터 내","051-678-6317","외부인","가능","128.9610531","35.21335714","2020-12-31"
"부산","강서구","부산교통공사체육공원역","부산 강서구 낙동북로 371","고객센터 내","051-678-6316","외부인","가능","128.9694562","35.21250583","2020-12-31"
"부산","강서구","부산지방검찰청서부지청","부산 강서구 명지국제7로 67","9층 여직원휴게실內","051-520-4549","외부/직원용","불가","128.9085451","35.09740053","2020-12-31"
